{"type": "block", "layer": 2, "block": 2, "features": [{"geom": {"lines": [[[2012.5537708109478, -2293.6098923641257, 878.3538607229293], [2012.5537708109478, -2293.6098923641257, 878.3538607229293], [2012.5537708109478, -2293.4362441864796, 881.3082839819659], [2012.5537708109478, -2293.2625960088335, 884.2627072410025], [2012.5537708109478, -2293.0889478311874, 887.2171305000392], [2012.5537708109478, -2292.9152996535413, 890.1715537590758], [2012.5537708109478, -2292.741651475895, 893.1259770181124], [2012.5537708109478, -2292.568003298249, 896.080400277149], [2012.5537708109478, -2292.394355120603, 899.0348235361856], [2012.5537708109478, -2292.220706942957, 901.9892467952222], [2012.5537708109478, -2292.047058765311, 904.9436700542589], [2012.5537708109478, -2291.8734105876647, 907.8980933132955]]], "r": 10}, "mtl": 16}, {"geom": {"lines": [[[2012.5537708109478, -2291.8734105876647, 907.8980933132955], [2012.5537708109478, -2291.8734105876647, 907.8980933132955], [2012.5537708109478, -2291.6997624100186, 910.8525165723321], [2012.5537708109478, -2291.5261142323725, 913.8069398313687], [2012.5537708109478, -2291.3524660547264, 916.7613630904053], [2012.5537708109478, -2291.1788178770803, 919.7157863494419], [2012.5537708109478, -2291.005169699434, 922.6702096084786], [2012.5537708109478, -2290.831521521788, 925.6246328675152], [2012.5537708109478, -2290.657873344142, 928.5790561265518], [2012.5537708109478, -2290.484225166496, 931.5334793855884], [2012.5537708109478, -2290.31057698885, 934.487902644625], [2012.5537708109478, -2290.1369288112037, 937.4423259036616], [2012.5537708109478, -2289.9632806335576, 940.3967491626983], [2012.5537708109478, -2289.7896324559115, 943.3511724217349], [2012.5537708109478, -2289.6159842782654, 946.3055956807715], [2012.5537708109478, -2289.4423361006193, 949.2600189398081], [2012.5537708109478, -2289.268687922973, 952.2144421988447], [2012.5537708109478, -2289.095039745327, 955.1688654578813], [2012.5537708109478, -2288.921391567681, 958.123288716918], [2012.5537708109478, -2288.747743390035, 961.0777119759546], [2012.5537708109478, -2288.574095212389, 964.0321352349912], [2012.5537708109478, -2288.4004470347427, 966.9865584940278]]], "r": 10}, "mtl": 1}, {"geom": {"lines": [[[2012.5537708109478, -2288.4004470347427, 966.9865584940278], [2012.5537708109478, -2288.4004470347427, 966.9865584940278], [2012.5537708109478, -2288.2267988570966, 969.9409817530644], [2012.5537708109478, -2288.0531506794505, 972.895405012101], [2012.5537708109478, -2287.8795025018044, 975.8498282711377], [2012.5537708109478, -2287.7058543241583, 978.8042515301743], [2012.5537708109478, -2287.532206146512, 981.7586747892109], [2012.5537708109478, -2287.358557968866, 984.7130980482475], [2012.5537708109478, -2287.18490979122, 987.6675213072841], [2012.5537708109478, -2287.011261613574, 990.6219445663207], [2012.5537708109478, -2286.837613435928, 993.5763678253574], [2012.5537708109478, -2286.6639652582817, 996.530791084394]]], "r": 10}, "mtl": 16}, {"geom": {"lines": [[[2012.5537708109478, -2286.6639652582817, 996.530791084394], [2012.5537708109478, -2286.6639652582817, 996.530791084394], [2012.5537708109478, -2286.4903170806356, 999.4852143434306], [2012.5537708109478, -2286.3166689029895, 1002.4396376024672], [2012.5537708109478, -2286.1430207253434, 1005.3940608615038], [2012.5537708109478, -2285.9693725476973, 1008.3484841205404], [2012.5537708109478, -2285.795724370051, 1011.302907379577], [2012.5537708109478, -2285.622076192405, 1014.2573306386137], [2012.5537708109478, -2285.448428014759, 1017.2117538976503], [2012.5537708109478, -2285.274779837113, 1020.1661771566869], [2012.5537708109478, -2285.101131659467, 1023.1206004157235], [2012.5537708109478, -2284.9274834818207, 1026.0750236747601], [2012.5537708109478, -2284.7538353041746, 1029.0294469337969], [2012.5537708109478, -2284.5801871265285, 1031.9838701928334], [2012.5537708109478, -2284.4065389488824, 1034.9382934518699], [2012.5537708109478, -2284.2328907712363, 1037.8927167109066], [2012.5537708109478, -2284.05924259359, 1040.8471399699433], [2012.5537708109478, -2283.885594415944, 1043.8015632289798], [2012.5537708109478, -2283.711946238298, 1046.7559864880163], [2012.5537708109478, -2283.538298060652, 1049.710409747053], [2012.5537708109478, -2283.3646498830058, 1052.6648330060898], [2012.5537708109478, -2283.1910017053597, 1055.6192562651263]]], "r": 10}, "mtl": 17}], "featureCount": 4, "startIndex": 100}